date,day,year,month,month_name,weekday,is_weekend,season,mode,patronage
2024-07-01,Mon,2024,7,July,Monday,False,Winter,Bus,203725
2024-07-01,Mon,2024,7,July,Monday,False,Winter,Ferry,6671
2024-07-01,Mon,2024,7,July,Monday,False,Winter,Train,44601
2024-07-02,Tue,2024,7,July,Tuesday,False,Winter,Bus,222155
2024-07-02,Tue,2024,7,July,Tuesday,False,Winter,Ferry,7624
2024-07-02,Tue,2024,7,July,Tuesday,False,Winter,Train,49200
2024-07-03,Wed,2024,7,July,Wednesday,False,Winter,Bus,233569
2024-07-03,Wed,2024,7,July,Wednesday,False,Winter,Ferry,7958
2024-07-03,Wed,2024,7,July,Wednesday,False,Winter,Train,44722
2024-07-04,Thu,2024,7,July,Thursday,False,Winter,Bus,236683
2024-07-04,Thu,2024,7,July,Thursday,False,Winter,Ferry,8490
2024-07-04,Thu,2024,7,July,Thursday,False,Winter,Train,38534
2024-07-05,Fri,2024,7,July,Friday,False,Winter,Bus,207022
2024-07-05,Fri,2024,7,July,Friday,False,Winter,Ferry,7809
2024-07-05,Fri,2024,7,July,Friday,False,Winter,Train,43939
2024-07-06,Sat,2024,7,July,Saturday,True,Winter,Bus,98034
2024-07-06,Sat,2024,7,July,Saturday,True,Winter,Ferry,4175
2024-07-06,Sat,2024,7,July,Saturday,True,Winter,Train,16993
2024-07-07,Sun,2024,7,July,Sunday,True,Winter,Bus,85823
2024-07-07,Sun,2024,7,July,Sunday,True,Winter,Ferry,3272
2024-07-07,Sun,2024,7,July,Sunday,True,Winter,Train,11151
2024-07-08,Mon,2024,7,July,Monday,False,Winter,Bus,168598
2024-07-08,Mon,2024,7,July,Monday,False,Winter,Ferry,8201
2024-07-08,Mon,2024,7,July,Monday,False,Winter,Train,40786
2024-07-09,Tue,2024,7,July,Tuesday,False,Winter,Bus,183312
2024-07-09,Tue,2024,7,July,Tuesday,False,Winter,Ferry,8905
2024-07-09,Tue,2024,7,July,Tuesday,False,Winter,Train,45391
2024-07-10,Wed,2024,7,July,Wednesday,False,Winter,Bus,188632
2024-07-10,Wed,2024,7,July,Wednesday,False,Winter,Ferry,9545
2024-07-10,Wed,2024,7,July,Wednesday,False,Winter,Train,47109
2024-07-11,Thu,2024,7,July,Thursday,False,Winter,Bus,183430
2024-07-11,Thu,2024,7,July,Thursday,False,Winter,Ferry,9339
2024-07-11,Thu,2024,7,July,Thursday,False,Winter,Train,46321
2024-07-12,Fri,2024,7,July,Friday,False,Winter,Bus,166927
2024-07-12,Fri,2024,7,July,Friday,False,Winter,Ferry,8834
2024-07-12,Fri,2024,7,July,Friday,False,Winter,Train,40309
2024-07-13,Sat,2024,7,July,Saturday,True,Winter,Bus,109475
2024-07-13,Sat,2024,7,July,Saturday,True,Winter,Ferry,7392
2024-07-13,Sat,2024,7,July,Saturday,True,Winter,Train,21437
2024-07-14,Sun,2024,7,July,Sunday,True,Winter,Bus,84350
2024-07-14,Sun,2024,7,July,Sunday,True,Winter,Ferry,4038
2024-07-14,Sun,2024,7,July,Sunday,True,Winter,Train,14003
2024-07-15,Mon,2024,7,July,Monday,False,Winter,Bus,153644
2024-07-15,Mon,2024,7,July,Monday,False,Winter,Ferry,4589
2024-07-15,Mon,2024,7,July,Monday,False,Winter,Train,38879
2024-07-16,Tue,2024,7,July,Tuesday,False,Winter,Bus,210519
2024-07-16,Tue,2024,7,July,Tuesday,False,Winter,Ferry,7854
2024-07-16,Tue,2024,7,July,Tuesday,False,Winter,Train,51945
2024-07-17,Wed,2024,7,July,Wednesday,False,Winter,Bus,193515
2024-07-17,Wed,2024,7,July,Wednesday,False,Winter,Ferry,7022
2024-07-17,Wed,2024,7,July,Wednesday,False,Winter,Train,48333
2024-07-18,Thu,2024,7,July,Thursday,False,Winter,Bus,215360
2024-07-18,Thu,2024,7,July,Thursday,False,Winter,Ferry,8232
2024-07-18,Thu,2024,7,July,Thursday,False,Winter,Train,54185
2024-07-19,Fri,2024,7,July,Friday,False,Winter,Bus,173382
2024-07-19,Fri,2024,7,July,Friday,False,Winter,Ferry,6178
2024-07-19,Fri,2024,7,July,Friday,False,Winter,Train,40125
2024-07-20,Sat,2024,7,July,Saturday,True,Winter,Bus,102816
2024-07-20,Sat,2024,7,July,Saturday,True,Winter,Ferry,3348
2024-07-20,Sat,2024,7,July,Saturday,True,Winter,Train,6325
2024-07-21,Sun,2024,7,July,Sunday,True,Winter,Bus,82576
2024-07-21,Sun,2024,7,July,Sunday,True,Winter,Ferry,2772
2024-07-21,Sun,2024,7,July,Sunday,True,Winter,Train,4680
2024-07-22,Mon,2024,7,July,Monday,False,Winter,Bus,242654
2024-07-22,Mon,2024,7,July,Monday,False,Winter,Ferry,7046
2024-07-22,Mon,2024,7,July,Monday,False,Winter,Train,53079
2024-07-23,Tue,2024,7,July,Tuesday,False,Winter,Bus,264216
2024-07-23,Tue,2024,7,July,Tuesday,False,Winter,Ferry,8450
2024-07-23,Tue,2024,7,July,Tuesday,False,Winter,Train,58698
2024-07-24,Wed,2024,7,July,Wednesday,False,Winter,Bus,266713
2024-07-24,Wed,2024,7,July,Wednesday,False,Winter,Ferry,8520
2024-07-24,Wed,2024,7,July,Wednesday,False,Winter,Train,60109
2024-07-25,Thu,2024,7,July,Thursday,False,Winter,Bus,266001
2024-07-25,Thu,2024,7,July,Thursday,False,Winter,Ferry,8509
2024-07-25,Thu,2024,7,July,Thursday,False,Winter,Train,59225
2024-07-26,Fri,2024,7,July,Friday,False,Winter,Bus,248363
2024-07-26,Fri,2024,7,July,Friday,False,Winter,Ferry,8336
2024-07-26,Fri,2024,7,July,Friday,False,Winter,Train,54984
2024-07-27,Sat,2024,7,July,Saturday,True,Winter,Bus,122152
2024-07-27,Sat,2024,7,July,Saturday,True,Winter,Ferry,5862
2024-07-27,Sat,2024,7,July,Saturday,True,Winter,Train,16190
2024-07-28,Sun,2024,7,July,Sunday,True,Winter,Bus,98354
2024-07-28,Sun,2024,7,July,Sunday,True,Winter,Ferry,4551
2024-07-28,Sun,2024,7,July,Sunday,True,Winter,Train,11702
2024-07-29,Mon,2024,7,July,Monday,False,Winter,Bus,239011
2024-07-29,Mon,2024,7,July,Monday,False,Winter,Ferry,6955
2024-07-29,Mon,2024,7,July,Monday,False,Winter,Train,53524
2024-07-30,Tue,2024,7,July,Tuesday,False,Winter,Bus,258067
2024-07-30,Tue,2024,7,July,Tuesday,False,Winter,Ferry,7618
2024-07-30,Tue,2024,7,July,Tuesday,False,Winter,Train,57390
2024-07-31,Wed,2024,7,July,Wednesday,False,Winter,Bus,266756
2024-07-31,Wed,2024,7,July,Wednesday,False,Winter,Ferry,7991
2024-07-31,Wed,2024,7,July,Wednesday,False,Winter,Train,60562
2024-08-01,Thu,2024,8,August,Thursday,False,Winter,Bus,262532
2024-08-01,Thu,2024,8,August,Thursday,False,Winter,Ferry,7987
2024-08-01,Thu,2024,8,August,Thursday,False,Winter,Train,59644
2024-08-02,Fri,2024,8,August,Friday,False,Winter,Bus,243238
2024-08-02,Fri,2024,8,August,Friday,False,Winter,Ferry,7631
2024-08-02,Fri,2024,8,August,Friday,False,Winter,Train,54216
2024-08-03,Sat,2024,8,August,Saturday,True,Winter,Bus,123662
2024-08-03,Sat,2024,8,August,Saturday,True,Winter,Ferry,5604
2024-08-03,Sat,2024,8,August,Saturday,True,Winter,Train,7681
2024-08-04,Sun,2024,8,August,Sunday,True,Winter,Bus,95556
2024-08-04,Sun,2024,8,August,Sunday,True,Winter,Ferry,3798
2024-08-04,Sun,2024,8,August,Sunday,True,Winter,Train,5231
2024-08-05,Mon,2024,8,August,Monday,False,Winter,Bus,244557
2024-08-05,Mon,2024,8,August,Monday,False,Winter,Ferry,7804
2024-08-05,Mon,2024,8,August,Monday,False,Winter,Train,54710
2024-08-06,Tue,2024,8,August,Tuesday,False,Winter,Bus,264993
2024-08-06,Tue,2024,8,August,Tuesday,False,Winter,Ferry,8906
2024-08-06,Tue,2024,8,August,Tuesday,False,Winter,Train,59051
2024-08-07,Wed,2024,8,August,Wednesday,False,Winter,Bus,265810
2024-08-07,Wed,2024,8,August,Wednesday,False,Winter,Ferry,8769
2024-08-07,Wed,2024,8,August,Wednesday,False,Winter,Train,60699
2024-08-08,Thu,2024,8,August,Thursday,False,Winter,Bus,259067
2024-08-08,Thu,2024,8,August,Thursday,False,Winter,Ferry,8060
2024-08-08,Thu,2024,8,August,Thursday,False,Winter,Train,58419
2024-08-09,Fri,2024,8,August,Friday,False,Winter,Bus,241405
2024-08-09,Fri,2024,8,August,Friday,False,Winter,Ferry,7956
2024-08-09,Fri,2024,8,August,Friday,False,Winter,Train,53031
2024-08-10,Sat,2024,8,August,Saturday,True,Winter,Bus,124913
2024-08-10,Sat,2024,8,August,Saturday,True,Winter,Ferry,6301
2024-08-10,Sat,2024,8,August,Saturday,True,Winter,Train,7199
2024-08-11,Sun,2024,8,August,Sunday,True,Winter,Bus,99708
2024-08-11,Sun,2024,8,August,Sunday,True,Winter,Ferry,4771
2024-08-11,Sun,2024,8,August,Sunday,True,Winter,Train,5205
2024-08-12,Mon,2024,8,August,Monday,False,Winter,Bus,239122
2024-08-12,Mon,2024,8,August,Monday,False,Winter,Ferry,7253
2024-08-12,Mon,2024,8,August,Monday,False,Winter,Train,52889
2024-08-13,Tue,2024,8,August,Tuesday,False,Winter,Bus,265164
2024-08-13,Tue,2024,8,August,Tuesday,False,Winter,Ferry,8687
2024-08-13,Tue,2024,8,August,Tuesday,False,Winter,Train,59426
2024-08-14,Wed,2024,8,August,Wednesday,False,Winter,Bus,267102
2024-08-14,Wed,2024,8,August,Wednesday,False,Winter,Ferry,8905
2024-08-14,Wed,2024,8,August,Wednesday,False,Winter,Train,60631
2024-08-15,Thu,2024,8,August,Thursday,False,Winter,Bus,261618
2024-08-15,Thu,2024,8,August,Thursday,False,Winter,Ferry,8836
2024-08-15,Thu,2024,8,August,Thursday,False,Winter,Train,59024
2024-08-16,Fri,2024,8,August,Friday,False,Winter,Bus,241403
2024-08-16,Fri,2024,8,August,Friday,False,Winter,Ferry,7764
2024-08-16,Fri,2024,8,August,Friday,False,Winter,Train,51588
2024-08-17,Sat,2024,8,August,Saturday,True,Winter,Bus,93692
2024-08-17,Sat,2024,8,August,Saturday,True,Winter,Ferry,3378
2024-08-17,Sat,2024,8,August,Saturday,True,Winter,Train,16411
2024-08-18,Sun,2024,8,August,Sunday,True,Winter,Bus,80385
2024-08-18,Sun,2024,8,August,Sunday,True,Winter,Ferry,2436
2024-08-18,Sun,2024,8,August,Sunday,True,Winter,Train,11722
2024-08-19,Mon,2024,8,August,Monday,False,Winter,Bus,227404
2024-08-19,Mon,2024,8,August,Monday,False,Winter,Ferry,6333
2024-08-19,Mon,2024,8,August,Monday,False,Winter,Train,50544
2024-08-20,Tue,2024,8,August,Tuesday,False,Winter,Bus,255270
2024-08-20,Tue,2024,8,August,Tuesday,False,Winter,Ferry,7771
2024-08-20,Tue,2024,8,August,Tuesday,False,Winter,Train,57785
2024-08-21,Wed,2024,8,August,Wednesday,False,Winter,Bus,261470
2024-08-21,Wed,2024,8,August,Wednesday,False,Winter,Ferry,8172
2024-08-21,Wed,2024,8,August,Wednesday,False,Winter,Train,59596
2024-08-22,Thu,2024,8,August,Thursday,False,Winter,Bus,260210
2024-08-22,Thu,2024,8,August,Thursday,False,Winter,Ferry,8793
2024-08-22,Thu,2024,8,August,Thursday,False,Winter,Train,59551
2024-08-23,Fri,2024,8,August,Friday,False,Winter,Bus,236831
2024-08-23,Fri,2024,8,August,Friday,False,Winter,Ferry,7749
2024-08-23,Fri,2024,8,August,Friday,False,Winter,Train,52567
2024-08-24,Sat,2024,8,August,Saturday,True,Winter,Bus,119065
2024-08-24,Sat,2024,8,August,Saturday,True,Winter,Ferry,4473
2024-08-24,Sat,2024,8,August,Saturday,True,Winter,Train,18162
2024-08-25,Sun,2024,8,August,Sunday,True,Winter,Bus,97182
2024-08-25,Sun,2024,8,August,Sunday,True,Winter,Ferry,4556
2024-08-25,Sun,2024,8,August,Sunday,True,Winter,Train,11364
2024-08-26,Mon,2024,8,August,Monday,False,Winter,Bus,227708
2024-08-26,Mon,2024,8,August,Monday,False,Winter,Ferry,7423
2024-08-26,Mon,2024,8,August,Monday,False,Winter,Train,51006
2024-08-27,Tue,2024,8,August,Tuesday,False,Winter,Bus,230597
2024-08-27,Tue,2024,8,August,Tuesday,False,Winter,Ferry,7199
2024-08-27,Tue,2024,8,August,Tuesday,False,Winter,Train,51888
2024-08-28,Wed,2024,8,August,Wednesday,False,Winter,Bus,248316
2024-08-28,Wed,2024,8,August,Wednesday,False,Winter,Ferry,8142
2024-08-28,Wed,2024,8,August,Wednesday,False,Winter,Train,57318
2024-08-29,Thu,2024,8,August,Thursday,False,Winter,Bus,244286
2024-08-29,Thu,2024,8,August,Thursday,False,Winter,Ferry,7491
2024-08-29,Thu,2024,8,August,Thursday,False,Winter,Train,49374
2024-08-30,Fri,2024,8,August,Friday,False,Winter,Bus,233472
2024-08-30,Fri,2024,8,August,Friday,False,Winter,Ferry,8164
2024-08-30,Fri,2024,8,August,Friday,False,Winter,Train,50059
2024-08-31,Sat,2024,8,August,Saturday,True,Winter,Bus,94102
2024-08-31,Sat,2024,8,August,Saturday,True,Winter,Ferry,3252
2024-08-31,Sat,2024,8,August,Saturday,True,Winter,Train,15843
2024-09-01,Sun,2024,9,September,Sunday,True,Spring,Bus,93804
2024-09-01,Sun,2024,9,September,Sunday,True,Spring,Ferry,5344
2024-09-01,Sun,2024,9,September,Sunday,True,Spring,Train,14072
2024-09-02,Mon,2024,9,September,Monday,False,Spring,Bus,222086
2024-09-02,Mon,2024,9,September,Monday,False,Spring,Ferry,7030
2024-09-02,Mon,2024,9,September,Monday,False,Spring,Train,49761
2024-09-03,Tue,2024,9,September,Tuesday,False,Spring,Bus,237419
2024-09-03,Tue,2024,9,September,Tuesday,False,Spring,Ferry,7611
2024-09-03,Tue,2024,9,September,Tuesday,False,Spring,Train,53550
2024-09-04,Wed,2024,9,September,Wednesday,False,Spring,Bus,252858
2024-09-04,Wed,2024,9,September,Wednesday,False,Spring,Ferry,7619
2024-09-04,Wed,2024,9,September,Wednesday,False,Spring,Train,43181
2024-09-05,Thu,2024,9,September,Thursday,False,Spring,Bus,245008
2024-09-05,Thu,2024,9,September,Thursday,False,Spring,Ferry,8902
2024-09-05,Thu,2024,9,September,Thursday,False,Spring,Train,55770
2024-09-06,Fri,2024,9,September,Friday,False,Spring,Bus,217070
2024-09-06,Fri,2024,9,September,Friday,False,Spring,Ferry,7184
2024-09-06,Fri,2024,9,September,Friday,False,Spring,Train,47483
2024-09-07,Sat,2024,9,September,Saturday,True,Spring,Bus,115307
2024-09-07,Sat,2024,9,September,Saturday,True,Spring,Ferry,4683
2024-09-07,Sat,2024,9,September,Saturday,True,Spring,Train,7318
2024-09-08,Sun,2024,9,September,Sunday,True,Spring,Bus,96672
2024-09-08,Sun,2024,9,September,Sunday,True,Spring,Ferry,4226
2024-09-08,Sun,2024,9,September,Sunday,True,Spring,Train,5195
2024-09-09,Mon,2024,9,September,Monday,False,Spring,Bus,234905
2024-09-09,Mon,2024,9,September,Monday,False,Spring,Ferry,7860
2024-09-09,Mon,2024,9,September,Monday,False,Spring,Train,52129
2024-09-10,Tue,2024,9,September,Tuesday,False,Spring,Bus,253505
2024-09-10,Tue,2024,9,September,Tuesday,False,Spring,Ferry,8572
2024-09-10,Tue,2024,9,September,Tuesday,False,Spring,Train,57791
2024-09-11,Wed,2024,9,September,Wednesday,False,Spring,Bus,256185
2024-09-11,Wed,2024,9,September,Wednesday,False,Spring,Ferry,8594
2024-09-11,Wed,2024,9,September,Wednesday,False,Spring,Train,58080
2024-09-12,Thu,2024,9,September,Thursday,False,Spring,Bus,252395
2024-09-12,Thu,2024,9,September,Thursday,False,Spring,Ferry,8771
2024-09-12,Thu,2024,9,September,Thursday,False,Spring,Train,57793
2024-09-13,Fri,2024,9,September,Friday,False,Spring,Bus,236840
2024-09-13,Fri,2024,9,September,Friday,False,Spring,Ferry,7752
2024-09-13,Fri,2024,9,September,Friday,False,Spring,Train,47976
2024-09-14,Sat,2024,9,September,Saturday,True,Spring,Bus,109806
2024-09-14,Sat,2024,9,September,Saturday,True,Spring,Ferry,3829
2024-09-14,Sat,2024,9,September,Saturday,True,Spring,Train,11903
2024-09-15,Sun,2024,9,September,Sunday,True,Spring,Bus,98976
2024-09-15,Sun,2024,9,September,Sunday,True,Spring,Ferry,3745
2024-09-15,Sun,2024,9,September,Sunday,True,Spring,Train,8208
2024-09-16,Mon,2024,9,September,Monday,False,Spring,Bus,237197
2024-09-16,Mon,2024,9,September,Monday,False,Spring,Ferry,7390
2024-09-16,Mon,2024,9,September,Monday,False,Spring,Train,52938
2024-09-17,Tue,2024,9,September,Tuesday,False,Spring,Bus,233974
2024-09-17,Tue,2024,9,September,Tuesday,False,Spring,Ferry,6858
2024-09-17,Tue,2024,9,September,Tuesday,False,Spring,Train,53046
2024-09-18,Wed,2024,9,September,Wednesday,False,Spring,Bus,256909
2024-09-18,Wed,2024,9,September,Wednesday,False,Spring,Ferry,8088
2024-09-18,Wed,2024,9,September,Wednesday,False,Spring,Train,58013
2024-09-19,Thu,2024,9,September,Thursday,False,Spring,Bus,253887
2024-09-19,Thu,2024,9,September,Thursday,False,Spring,Ferry,8077
2024-09-19,Thu,2024,9,September,Thursday,False,Spring,Train,55549
2024-09-20,Fri,2024,9,September,Friday,False,Spring,Bus,210665
2024-09-20,Fri,2024,9,September,Friday,False,Spring,Ferry,6632
2024-09-20,Fri,2024,9,September,Friday,False,Spring,Train,46352
2024-09-21,Sat,2024,9,September,Saturday,True,Spring,Bus,122794
2024-09-21,Sat,2024,9,September,Saturday,True,Spring,Ferry,6174
2024-09-21,Sat,2024,9,September,Saturday,True,Spring,Train,21168
2024-09-22,Sun,2024,9,September,Sunday,True,Spring,Bus,98095
2024-09-22,Sun,2024,9,September,Sunday,True,Spring,Ferry,4518
2024-09-22,Sun,2024,9,September,Sunday,True,Spring,Train,11413
2024-09-23,Mon,2024,9,September,Monday,False,Spring,Bus,242218
2024-09-23,Mon,2024,9,September,Monday,False,Spring,Ferry,8036
2024-09-23,Mon,2024,9,September,Monday,False,Spring,Train,54114
2024-09-24,Tue,2024,9,September,Tuesday,False,Spring,Bus,263012
2024-09-24,Tue,2024,9,September,Tuesday,False,Spring,Ferry,8528
2024-09-24,Tue,2024,9,September,Tuesday,False,Spring,Train,58193
2024-09-25,Wed,2024,9,September,Wednesday,False,Spring,Bus,264153
2024-09-25,Wed,2024,9,September,Wednesday,False,Spring,Ferry,8878
2024-09-25,Wed,2024,9,September,Wednesday,False,Spring,Train,58550
2024-09-26,Thu,2024,9,September,Thursday,False,Spring,Bus,259006
2024-09-26,Thu,2024,9,September,Thursday,False,Spring,Ferry,8635
2024-09-26,Thu,2024,9,September,Thursday,False,Spring,Train,57598
2024-09-27,Fri,2024,9,September,Friday,False,Spring,Bus,224054
2024-09-27,Fri,2024,9,September,Friday,False,Spring,Ferry,6752
2024-09-27,Fri,2024,9,September,Friday,False,Spring,Train,47558
2024-09-28,Sat,2024,9,September,Saturday,True,Spring,Bus,124839
2024-09-28,Sat,2024,9,September,Saturday,True,Spring,Ferry,6122
2024-09-28,Sat,2024,9,September,Saturday,True,Spring,Train,7697
2024-09-29,Sun,2024,9,September,Sunday,True,Spring,Bus,94155
2024-09-29,Sun,2024,9,September,Sunday,True,Spring,Ferry,3550
2024-09-29,Sun,2024,9,September,Sunday,True,Spring,Train,5545
2024-09-30,Mon,2024,9,September,Monday,False,Spring,Bus,192581
2024-09-30,Mon,2024,9,September,Monday,False,Spring,Ferry,8942
2024-09-30,Mon,2024,9,September,Monday,False,Spring,Train,43912
2024-10-01,Tue,2024,10,October,Tuesday,False,Spring,Bus,209439
2024-10-01,Tue,2024,10,October,Tuesday,False,Spring,Ferry,9842
2024-10-01,Tue,2024,10,October,Tuesday,False,Spring,Train,50285
2024-10-02,Wed,2024,10,October,Wednesday,False,Spring,Bus,196819
2024-10-02,Wed,2024,10,October,Wednesday,False,Spring,Ferry,7304
2024-10-02,Wed,2024,10,October,Wednesday,False,Spring,Train,48843
2024-10-03,Thu,2024,10,October,Thursday,False,Spring,Bus,203043
2024-10-03,Thu,2024,10,October,Thursday,False,Spring,Ferry,8868
2024-10-03,Thu,2024,10,October,Thursday,False,Spring,Train,49894
2024-10-04,Fri,2024,10,October,Friday,False,Spring,Bus,190750
2024-10-04,Fri,2024,10,October,Friday,False,Spring,Ferry,10437
2024-10-04,Fri,2024,10,October,Friday,False,Spring,Train,46005
2024-10-05,Sat,2024,10,October,Saturday,True,Spring,Bus,86656
2024-10-05,Sat,2024,10,October,Saturday,True,Spring,Ferry,4774
2024-10-05,Sat,2024,10,October,Saturday,True,Spring,Train,9206
2024-10-06,Sun,2024,10,October,Sunday,True,Spring,Bus,89842
2024-10-06,Sun,2024,10,October,Sunday,True,Spring,Ferry,3900
2024-10-06,Sun,2024,10,October,Sunday,True,Spring,Train,6550
2024-10-07,Mon,2024,10,October,Monday,False,Spring,Bus,177011
2024-10-07,Mon,2024,10,October,Monday,False,Spring,Ferry,7462
2024-10-07,Mon,2024,10,October,Monday,False,Spring,Train,42851
2024-10-08,Tue,2024,10,October,Tuesday,False,Spring,Bus,216389
2024-10-08,Tue,2024,10,October,Tuesday,False,Spring,Ferry,11030
2024-10-08,Tue,2024,10,October,Tuesday,False,Spring,Train,53656
2024-10-09,Wed,2024,10,October,Wednesday,False,Spring,Bus,201596
2024-10-09,Wed,2024,10,October,Wednesday,False,Spring,Ferry,8603
2024-10-09,Wed,2024,10,October,Wednesday,False,Spring,Train,51168
2024-10-10,Thu,2024,10,October,Thursday,False,Spring,Bus,214204
2024-10-10,Thu,2024,10,October,Thursday,False,Spring,Ferry,10405
2024-10-10,Thu,2024,10,October,Thursday,False,Spring,Train,53116
2024-10-11,Fri,2024,10,October,Friday,False,Spring,Bus,187825
2024-10-11,Fri,2024,10,October,Friday,False,Spring,Ferry,9019
2024-10-11,Fri,2024,10,October,Friday,False,Spring,Train,45723
2024-10-12,Sat,2024,10,October,Saturday,True,Spring,Bus,113548
2024-10-12,Sat,2024,10,October,Saturday,True,Spring,Ferry,5408
2024-10-12,Sat,2024,10,October,Saturday,True,Spring,Train,15466
2024-10-13,Sun,2024,10,October,Sunday,True,Spring,Bus,87137
2024-10-13,Sun,2024,10,October,Sunday,True,Spring,Ferry,3106
2024-10-13,Sun,2024,10,October,Sunday,True,Spring,Train,10040
2024-10-14,Mon,2024,10,October,Monday,False,Spring,Bus,241993
2024-10-14,Mon,2024,10,October,Monday,False,Spring,Ferry,7789
2024-10-14,Mon,2024,10,October,Monday,False,Spring,Train,51899
2024-10-15,Tue,2024,10,October,Tuesday,False,Spring,Bus,256910
2024-10-15,Tue,2024,10,October,Tuesday,False,Spring,Ferry,8773
2024-10-15,Tue,2024,10,October,Tuesday,False,Spring,Train,57154
2024-10-16,Wed,2024,10,October,Wednesday,False,Spring,Bus,260176
2024-10-16,Wed,2024,10,October,Wednesday,False,Spring,Ferry,8996
2024-10-16,Wed,2024,10,October,Wednesday,False,Spring,Train,58903
2024-10-17,Thu,2024,10,October,Thursday,False,Spring,Bus,258675
2024-10-17,Thu,2024,10,October,Thursday,False,Spring,Ferry,8997
2024-10-17,Thu,2024,10,October,Thursday,False,Spring,Train,57676
2024-10-18,Fri,2024,10,October,Friday,False,Spring,Bus,238435
2024-10-18,Fri,2024,10,October,Friday,False,Spring,Ferry,8481
2024-10-18,Fri,2024,10,October,Friday,False,Spring,Train,50749
2024-10-19,Sat,2024,10,October,Saturday,True,Spring,Bus,123081
2024-10-19,Sat,2024,10,October,Saturday,True,Spring,Ferry,6664
2024-10-19,Sat,2024,10,October,Saturday,True,Spring,Train,27755
2024-10-20,Sun,2024,10,October,Sunday,True,Spring,Bus,101247
2024-10-20,Sun,2024,10,October,Sunday,True,Spring,Ferry,4643
2024-10-20,Sun,2024,10,October,Sunday,True,Spring,Train,18374
2024-10-21,Mon,2024,10,October,Monday,False,Spring,Bus,229617
2024-10-21,Mon,2024,10,October,Monday,False,Spring,Ferry,8161
2024-10-21,Mon,2024,10,October,Monday,False,Spring,Train,49770
2024-10-22,Tue,2024,10,October,Tuesday,False,Spring,Bus,253199
2024-10-22,Tue,2024,10,October,Tuesday,False,Spring,Ferry,9234
2024-10-22,Tue,2024,10,October,Tuesday,False,Spring,Train,54088
2024-10-23,Wed,2024,10,October,Wednesday,False,Spring,Bus,251141
2024-10-23,Wed,2024,10,October,Wednesday,False,Spring,Ferry,8821
2024-10-23,Wed,2024,10,October,Wednesday,False,Spring,Train,55645
2024-10-24,Thu,2024,10,October,Thursday,False,Spring,Bus,253380
2024-10-24,Thu,2024,10,October,Thursday,False,Spring,Ferry,9225
2024-10-24,Thu,2024,10,October,Thursday,False,Spring,Train,55958
2024-10-25,Fri,2024,10,October,Friday,False,Spring,Bus,224217
2024-10-25,Fri,2024,10,October,Friday,False,Spring,Ferry,8142
2024-10-25,Fri,2024,10,October,Friday,False,Spring,Train,47716
2024-10-26,Sat,2024,10,October,Saturday,True,Spring,Bus,106206
2024-10-26,Sat,2024,10,October,Saturday,True,Spring,Ferry,3207
2024-10-26,Sat,2024,10,October,Saturday,True,Spring,Train,6535
2024-10-27,Sun,2024,10,October,Sunday,True,Spring,Bus,106489
2024-10-27,Sun,2024,10,October,Sunday,True,Spring,Ferry,5646
2024-10-27,Sun,2024,10,October,Sunday,True,Spring,Train,6150
2024-10-28,Mon,2024,10,October,Monday,False,Spring,Bus,85328
2024-10-28,Mon,2024,10,October,Monday,False,Spring,Ferry,4163
2024-10-28,Mon,2024,10,October,Monday,False,Spring,Train,4580
2024-10-29,Tue,2024,10,October,Tuesday,False,Spring,Bus,238978
2024-10-29,Tue,2024,10,October,Tuesday,False,Spring,Ferry,8520
2024-10-29,Tue,2024,10,October,Tuesday,False,Spring,Train,54119
2024-10-30,Wed,2024,10,October,Wednesday,False,Spring,Bus,245417
2024-10-30,Wed,2024,10,October,Wednesday,False,Spring,Ferry,8617
2024-10-30,Wed,2024,10,October,Wednesday,False,Spring,Train,57391
2024-10-31,Thu,2024,10,October,Thursday,False,Spring,Bus,248364
2024-10-31,Thu,2024,10,October,Thursday,False,Spring,Ferry,9589
2024-10-31,Thu,2024,10,October,Thursday,False,Spring,Train,54049
2024-11-01,Fri,2024,11,November,Friday,False,Spring,Bus,226561
2024-11-01,Fri,2024,11,November,Friday,False,Spring,Ferry,8955
2024-11-01,Fri,2024,11,November,Friday,False,Spring,Train,45063
2024-11-02,Sat,2024,11,November,Saturday,True,Spring,Bus,113387
2024-11-02,Sat,2024,11,November,Saturday,True,Spring,Ferry,5987
2024-11-02,Sat,2024,11,November,Saturday,True,Spring,Train,20529
2024-11-03,Sun,2024,11,November,Sunday,True,Spring,Bus,93739
2024-11-03,Sun,2024,11,November,Sunday,True,Spring,Ferry,5556
2024-11-03,Sun,2024,11,November,Sunday,True,Spring,Train,14402
2024-11-04,Mon,2024,11,November,Monday,False,Spring,Bus,222588
2024-11-04,Mon,2024,11,November,Monday,False,Spring,Ferry,8851
2024-11-04,Mon,2024,11,November,Monday,False,Spring,Train,49313
2024-11-05,Tue,2024,11,November,Tuesday,False,Spring,Bus,247530
2024-11-05,Tue,2024,11,November,Tuesday,False,Spring,Ferry,9740
2024-11-05,Tue,2024,11,November,Tuesday,False,Spring,Train,55498
2024-11-06,Wed,2024,11,November,Wednesday,False,Spring,Bus,240422
2024-11-06,Wed,2024,11,November,Wednesday,False,Spring,Ferry,9303
2024-11-06,Wed,2024,11,November,Wednesday,False,Spring,Train,54441
2024-11-07,Thu,2024,11,November,Thursday,False,Spring,Bus,243627
2024-11-07,Thu,2024,11,November,Thursday,False,Spring,Ferry,10154
2024-11-07,Thu,2024,11,November,Thursday,False,Spring,Train,55718
2024-11-08,Fri,2024,11,November,Friday,False,Spring,Bus,226966
2024-11-08,Fri,2024,11,November,Friday,False,Spring,Ferry,9701
2024-11-08,Fri,2024,11,November,Friday,False,Spring,Train,49915
2024-11-09,Sat,2024,11,November,Saturday,True,Spring,Bus,120835
2024-11-09,Sat,2024,11,November,Saturday,True,Spring,Ferry,7177
2024-11-09,Sat,2024,11,November,Saturday,True,Spring,Train,21472
2024-11-10,Sun,2024,11,November,Sunday,True,Spring,Bus,97417
2024-11-10,Sun,2024,11,November,Sunday,True,Spring,Ferry,4920
2024-11-10,Sun,2024,11,November,Sunday,True,Spring,Train,15748
2024-11-11,Mon,2024,11,November,Monday,False,Spring,Bus,218171
2024-11-11,Mon,2024,11,November,Monday,False,Spring,Ferry,8552
2024-11-11,Mon,2024,11,November,Monday,False,Spring,Train,49485
2024-11-12,Tue,2024,11,November,Tuesday,False,Spring,Bus,251003
2024-11-12,Tue,2024,11,November,Tuesday,False,Spring,Ferry,10817
2024-11-12,Tue,2024,11,November,Tuesday,False,Spring,Train,57803
2024-11-13,Wed,2024,11,November,Wednesday,False,Spring,Bus,241008
2024-11-13,Wed,2024,11,November,Wednesday,False,Spring,Ferry,10897
2024-11-13,Wed,2024,11,November,Wednesday,False,Spring,Train,59602
2024-11-14,Thu,2024,11,November,Thursday,False,Spring,Bus,237874
2024-11-14,Thu,2024,11,November,Thursday,False,Spring,Ferry,9632
2024-11-14,Thu,2024,11,November,Thursday,False,Spring,Train,58336
2024-11-15,Fri,2024,11,November,Friday,False,Spring,Bus,177305
2024-11-15,Fri,2024,11,November,Friday,False,Spring,Ferry,6820
2024-11-15,Fri,2024,11,November,Friday,False,Spring,Train,45135
2024-11-16,Sat,2024,11,November,Saturday,True,Spring,Bus,125782
2024-11-16,Sat,2024,11,November,Saturday,True,Spring,Ferry,7396
2024-11-16,Sat,2024,11,November,Saturday,True,Spring,Train,25981
2024-11-17,Sun,2024,11,November,Sunday,True,Spring,Bus,99957
2024-11-17,Sun,2024,11,November,Sunday,True,Spring,Ferry,5422
2024-11-17,Sun,2024,11,November,Sunday,True,Spring,Train,18024
2024-11-18,Mon,2024,11,November,Monday,False,Spring,Bus,224953
2024-11-18,Mon,2024,11,November,Monday,False,Spring,Ferry,9746
2024-11-18,Mon,2024,11,November,Monday,False,Spring,Train,51295
2024-11-19,Tue,2024,11,November,Tuesday,False,Spring,Bus,247276
2024-11-19,Tue,2024,11,November,Tuesday,False,Spring,Ferry,10884
2024-11-19,Tue,2024,11,November,Tuesday,False,Spring,Train,56083
2024-11-20,Wed,2024,11,November,Wednesday,False,Spring,Bus,240216
2024-11-20,Wed,2024,11,November,Wednesday,False,Spring,Ferry,9691
2024-11-20,Wed,2024,11,November,Wednesday,False,Spring,Train,54910
2024-11-21,Thu,2024,11,November,Thursday,False,Spring,Bus,236947
2024-11-21,Thu,2024,11,November,Thursday,False,Spring,Ferry,9628
2024-11-21,Thu,2024,11,November,Thursday,False,Spring,Train,54418
2024-11-22,Fri,2024,11,November,Friday,False,Spring,Bus,223516
2024-11-22,Fri,2024,11,November,Friday,False,Spring,Ferry,9663
2024-11-22,Fri,2024,11,November,Friday,False,Spring,Train,48394
2024-11-23,Sat,2024,11,November,Saturday,True,Spring,Bus,118409
2024-11-23,Sat,2024,11,November,Saturday,True,Spring,Ferry,6384
2024-11-23,Sat,2024,11,November,Saturday,True,Spring,Train,19279
2024-11-24,Sun,2024,11,November,Sunday,True,Spring,Bus,108448
2024-11-24,Sun,2024,11,November,Sunday,True,Spring,Ferry,8304
2024-11-24,Sun,2024,11,November,Sunday,True,Spring,Train,35843
2024-11-25,Mon,2024,11,November,Monday,False,Spring,Bus,220822
2024-11-25,Mon,2024,11,November,Monday,False,Spring,Ferry,9811
2024-11-25,Mon,2024,11,November,Monday,False,Spring,Train,48500
2024-11-26,Tue,2024,11,November,Tuesday,False,Spring,Bus,231811
2024-11-26,Tue,2024,11,November,Tuesday,False,Spring,Ferry,10022
2024-11-26,Tue,2024,11,November,Tuesday,False,Spring,Train,52939
2024-11-27,Wed,2024,11,November,Wednesday,False,Spring,Bus,238646
2024-11-27,Wed,2024,11,November,Wednesday,False,Spring,Ferry,9962
2024-11-27,Wed,2024,11,November,Wednesday,False,Spring,Train,54201
2024-11-28,Thu,2024,11,November,Thursday,False,Spring,Bus,238871
2024-11-28,Thu,2024,11,November,Thursday,False,Spring,Ferry,10398
2024-11-28,Thu,2024,11,November,Thursday,False,Spring,Train,54012
2024-11-29,Fri,2024,11,November,Friday,False,Spring,Bus,224047
2024-11-29,Fri,2024,11,November,Friday,False,Spring,Ferry,10130
2024-11-29,Fri,2024,11,November,Friday,False,Spring,Train,50197
2024-11-30,Sat,2024,11,November,Saturday,True,Spring,Bus,108073
2024-11-30,Sat,2024,11,November,Saturday,True,Spring,Ferry,4261
2024-11-30,Sat,2024,11,November,Saturday,True,Spring,Train,7218
2024-12-01,Sun,2024,12,December,Sunday,True,Summer,Bus,98124
2024-12-01,Sun,2024,12,December,Sunday,True,Summer,Ferry,4561
2024-12-01,Sun,2024,12,December,Sunday,True,Summer,Train,8328
2024-12-02,Mon,2024,12,December,Monday,False,Summer,Bus,221362
2024-12-02,Mon,2024,12,December,Monday,False,Summer,Ferry,10019
2024-12-02,Mon,2024,12,December,Monday,False,Summer,Train,47953
2024-12-03,Tue,2024,12,December,Tuesday,False,Summer,Bus,240162
2024-12-03,Tue,2024,12,December,Tuesday,False,Summer,Ferry,11135
2024-12-03,Tue,2024,12,December,Tuesday,False,Summer,Train,51774
2024-12-04,Wed,2024,12,December,Wednesday,False,Summer,Bus,240619
2024-12-04,Wed,2024,12,December,Wednesday,False,Summer,Ferry,11063
2024-12-04,Wed,2024,12,December,Wednesday,False,Summer,Train,51864
2024-12-05,Thu,2024,12,December,Thursday,False,Summer,Bus,236561
2024-12-05,Thu,2024,12,December,Thursday,False,Summer,Ferry,10884
2024-12-05,Thu,2024,12,December,Thursday,False,Summer,Train,52344
2024-12-06,Fri,2024,12,December,Friday,False,Summer,Bus,213557
2024-12-06,Fri,2024,12,December,Friday,False,Summer,Ferry,10693
2024-12-06,Fri,2024,12,December,Friday,False,Summer,Train,46821
2024-12-07,Sat,2024,12,December,Saturday,True,Summer,Bus,124920
2024-12-07,Sat,2024,12,December,Saturday,True,Summer,Ferry,7789
2024-12-07,Sat,2024,12,December,Saturday,True,Summer,Train,27341
2024-12-08,Sun,2024,12,December,Sunday,True,Summer,Bus,97574
2024-12-08,Sun,2024,12,December,Sunday,True,Summer,Ferry,5753
2024-12-08,Sun,2024,12,December,Sunday,True,Summer,Train,15697
2024-12-09,Mon,2024,12,December,Monday,False,Summer,Bus,200207
2024-12-09,Mon,2024,12,December,Monday,False,Summer,Ferry,8176
2024-12-09,Mon,2024,12,December,Monday,False,Summer,Train,44205
2024-12-10,Tue,2024,12,December,Tuesday,False,Summer,Bus,220261
2024-12-10,Tue,2024,12,December,Tuesday,False,Summer,Ferry,10050
2024-12-10,Tue,2024,12,December,Tuesday,False,Summer,Train,48882
2024-12-11,Wed,2024,12,December,Wednesday,False,Summer,Bus,219177
2024-12-11,Wed,2024,12,December,Wednesday,False,Summer,Ferry,10723
2024-12-11,Wed,2024,12,December,Wednesday,False,Summer,Train,50344
2024-12-12,Thu,2024,12,December,Thursday,False,Summer,Bus,196952
2024-12-12,Thu,2024,12,December,Thursday,False,Summer,Ferry,8709
2024-12-12,Thu,2024,12,December,Thursday,False,Summer,Train,45783
2024-12-13,Fri,2024,12,December,Friday,False,Summer,Bus,198231
2024-12-13,Fri,2024,12,December,Friday,False,Summer,Ferry,11158
2024-12-13,Fri,2024,12,December,Friday,False,Summer,Train,44426
2024-12-14,Sat,2024,12,December,Saturday,True,Summer,Bus,123975
2024-12-14,Sat,2024,12,December,Saturday,True,Summer,Ferry,7562
2024-12-14,Sat,2024,12,December,Saturday,True,Summer,Train,26629
2024-12-15,Sun,2024,12,December,Sunday,True,Summer,Bus,98079
2024-12-15,Sun,2024,12,December,Sunday,True,Summer,Ferry,6216
2024-12-15,Sun,2024,12,December,Sunday,True,Summer,Train,14730
2024-12-16,Mon,2024,12,December,Monday,False,Summer,Bus,159371
2024-12-16,Mon,2024,12,December,Monday,False,Summer,Ferry,7426
2024-12-16,Mon,2024,12,December,Monday,False,Summer,Train,37765
2024-12-17,Tue,2024,12,December,Tuesday,False,Summer,Bus,203267
2024-12-17,Tue,2024,12,December,Tuesday,False,Summer,Ferry,10961
2024-12-17,Tue,2024,12,December,Tuesday,False,Summer,Train,47208
2024-12-18,Wed,2024,12,December,Wednesday,False,Summer,Bus,200125
2024-12-18,Wed,2024,12,December,Wednesday,False,Summer,Ferry,10758
2024-12-18,Wed,2024,12,December,Wednesday,False,Summer,Train,48026
2024-12-19,Thu,2024,12,December,Thursday,False,Summer,Bus,196289
2024-12-19,Thu,2024,12,December,Thursday,False,Summer,Ferry,11826
2024-12-19,Thu,2024,12,December,Thursday,False,Summer,Train,47048
2024-12-20,Fri,2024,12,December,Friday,False,Summer,Bus,174047
2024-12-20,Fri,2024,12,December,Friday,False,Summer,Ferry,10584
2024-12-20,Fri,2024,12,December,Friday,False,Summer,Train,41459
2024-12-21,Sat,2024,12,December,Saturday,True,Summer,Bus,106269
2024-12-21,Sat,2024,12,December,Saturday,True,Summer,Ferry,5099
2024-12-21,Sat,2024,12,December,Saturday,True,Summer,Train,21257
2024-12-22,Sun,2024,12,December,Sunday,True,Summer,Bus,94635
2024-12-22,Sun,2024,12,December,Sunday,True,Summer,Ferry,5640
2024-12-22,Sun,2024,12,December,Sunday,True,Summer,Train,15510
2024-12-23,Mon,2024,12,December,Monday,False,Summer,Bus,122221
2024-12-23,Mon,2024,12,December,Monday,False,Summer,Ferry,7234
2024-12-23,Mon,2024,12,December,Monday,False,Summer,Train,25890
2024-12-24,Tue,2024,12,December,Tuesday,False,Summer,Bus,109929
2024-12-24,Tue,2024,12,December,Tuesday,False,Summer,Ferry,6267
2024-12-24,Tue,2024,12,December,Tuesday,False,Summer,Train,21876
2024-12-25,Wed,2024,12,December,Wednesday,False,Summer,Bus,39311
2024-12-25,Wed,2024,12,December,Wednesday,False,Summer,Ferry,3760
2024-12-25,Wed,2024,12,December,Wednesday,False,Summer,Train,4655
2024-12-26,Thu,2024,12,December,Thursday,False,Summer,Bus,85289
2024-12-26,Thu,2024,12,December,Thursday,False,Summer,Ferry,5235
2024-12-26,Thu,2024,12,December,Thursday,False,Summer,Train,18700
2024-12-27,Fri,2024,12,December,Friday,False,Summer,Bus,103285
2024-12-27,Fri,2024,12,December,Friday,False,Summer,Ferry,6283
2024-12-27,Fri,2024,12,December,Friday,False,Summer,Train,6251
2024-12-28,Sat,2024,12,December,Saturday,True,Summer,Bus,99754
2024-12-28,Sat,2024,12,December,Saturday,True,Summer,Ferry,6961
2024-12-28,Sat,2024,12,December,Saturday,True,Summer,Train,5606
2024-12-29,Sun,2024,12,December,Sunday,True,Summer,Bus,89633
2024-12-29,Sun,2024,12,December,Sunday,True,Summer,Ferry,7298
2024-12-29,Sun,2024,12,December,Sunday,True,Summer,Train,4694
2024-12-30,Mon,2024,12,December,Monday,False,Summer,Bus,104619
2024-12-30,Mon,2024,12,December,Monday,False,Summer,Ferry,7101
2024-12-30,Mon,2024,12,December,Monday,False,Summer,Train,6245
2024-12-31,Tue,2024,12,December,Tuesday,False,Summer,Bus,115312
2024-12-31,Tue,2024,12,December,Tuesday,False,Summer,Ferry,6951
2024-12-31,Tue,2024,12,December,Tuesday,False,Summer,Train,6643
2025-01-01,Wed,2025,1,January,Wednesday,False,Summer,Bus,72786
2025-01-01,Wed,2025,1,January,Wednesday,False,Summer,Ferry,6028
2025-01-01,Wed,2025,1,January,Wednesday,False,Summer,Train,4445
2025-01-02,Thu,2025,1,January,Thursday,False,Summer,Bus,83441
2025-01-02,Thu,2025,1,January,Thursday,False,Summer,Ferry,6174
2025-01-02,Thu,2025,1,January,Thursday,False,Summer,Train,4771
2025-01-03,Fri,2025,1,January,Friday,False,Summer,Bus,104543
2025-01-03,Fri,2025,1,January,Friday,False,Summer,Ferry,6677
2025-01-03,Fri,2025,1,January,Friday,False,Summer,Train,6487
2025-01-04,Sat,2025,1,January,Saturday,True,Summer,Bus,96857
2025-01-04,Sat,2025,1,January,Saturday,True,Summer,Ferry,5921
2025-01-04,Sat,2025,1,January,Saturday,True,Summer,Train,5473
2025-01-05,Sun,2025,1,January,Sunday,True,Summer,Bus,89371
2025-01-05,Sun,2025,1,January,Sunday,True,Summer,Ferry,5972
2025-01-05,Sun,2025,1,January,Sunday,True,Summer,Train,4746
2025-01-06,Mon,2025,1,January,Monday,False,Summer,Bus,145092
2025-01-06,Mon,2025,1,January,Monday,False,Summer,Ferry,7858
2025-01-06,Mon,2025,1,January,Monday,False,Summer,Train,7796
2025-01-07,Tue,2025,1,January,Tuesday,False,Summer,Bus,155738
2025-01-07,Tue,2025,1,January,Tuesday,False,Summer,Ferry,9081
2025-01-07,Tue,2025,1,January,Tuesday,False,Summer,Train,9365
2025-01-08,Wed,2025,1,January,Wednesday,False,Summer,Bus,155081
2025-01-08,Wed,2025,1,January,Wednesday,False,Summer,Ferry,8477
2025-01-08,Wed,2025,1,January,Wednesday,False,Summer,Train,9526
2025-01-09,Thu,2025,1,January,Thursday,False,Summer,Bus,161373
2025-01-09,Thu,2025,1,January,Thursday,False,Summer,Ferry,10279
2025-01-09,Thu,2025,1,January,Thursday,False,Summer,Train,10086
2025-01-10,Fri,2025,1,January,Friday,False,Summer,Bus,151933
2025-01-10,Fri,2025,1,January,Friday,False,Summer,Ferry,9394
2025-01-10,Fri,2025,1,January,Friday,False,Summer,Train,9347
2025-01-11,Sat,2025,1,January,Saturday,True,Summer,Bus,112113
2025-01-11,Sat,2025,1,January,Saturday,True,Summer,Ferry,8542
2025-01-11,Sat,2025,1,January,Saturday,True,Summer,Train,6169
2025-01-12,Sun,2025,1,January,Sunday,True,Summer,Bus,94555
2025-01-12,Sun,2025,1,January,Sunday,True,Summer,Ferry,6069
2025-01-12,Sun,2025,1,January,Sunday,True,Summer,Train,4546
2025-01-13,Mon,2025,1,January,Monday,False,Summer,Bus,174400
2025-01-13,Mon,2025,1,January,Monday,False,Summer,Ferry,9783
2025-01-13,Mon,2025,1,January,Monday,False,Summer,Train,11693
2025-01-14,Tue,2025,1,January,Tuesday,False,Summer,Bus,192845
2025-01-14,Tue,2025,1,January,Tuesday,False,Summer,Ferry,11488
2025-01-14,Tue,2025,1,January,Tuesday,False,Summer,Train,13037
2025-01-15,Wed,2025,1,January,Wednesday,False,Summer,Bus,193853
2025-01-15,Wed,2025,1,January,Wednesday,False,Summer,Ferry,11217
2025-01-15,Wed,2025,1,January,Wednesday,False,Summer,Train,12815
2025-01-16,Thu,2025,1,January,Thursday,False,Summer,Bus,195712
2025-01-16,Thu,2025,1,January,Thursday,False,Summer,Ferry,11829
2025-01-16,Thu,2025,1,January,Thursday,False,Summer,Train,12751
2025-01-17,Fri,2025,1,January,Friday,False,Summer,Bus,176053
2025-01-17,Fri,2025,1,January,Friday,False,Summer,Ferry,8905
2025-01-17,Fri,2025,1,January,Friday,False,Summer,Train,11312
2025-01-18,Sat,2025,1,January,Saturday,True,Summer,Bus,121643
2025-01-18,Sat,2025,1,January,Saturday,True,Summer,Ferry,9365
2025-01-18,Sat,2025,1,January,Saturday,True,Summer,Train,7544
2025-01-19,Sun,2025,1,January,Sunday,True,Summer,Bus,99195
2025-01-19,Sun,2025,1,January,Sunday,True,Summer,Ferry,6063
2025-01-19,Sun,2025,1,January,Sunday,True,Summer,Train,4949
2025-01-20,Mon,2025,1,January,Monday,False,Summer,Bus,179512
2025-01-20,Mon,2025,1,January,Monday,False,Summer,Ferry,8757
2025-01-20,Mon,2025,1,January,Monday,False,Summer,Train,12394
2025-01-21,Tue,2025,1,January,Tuesday,False,Summer,Bus,168746
2025-01-21,Tue,2025,1,January,Tuesday,False,Summer,Ferry,5899
2025-01-21,Tue,2025,1,January,Tuesday,False,Summer,Train,11581
2025-01-22,Wed,2025,1,January,Wednesday,False,Summer,Bus,205838
2025-01-22,Wed,2025,1,January,Wednesday,False,Summer,Ferry,10595
2025-01-22,Wed,2025,1,January,Wednesday,False,Summer,Train,13463
2025-01-23,Thu,2025,1,January,Thursday,False,Summer,Bus,205521
2025-01-23,Thu,2025,1,January,Thursday,False,Summer,Ferry,11847
2025-01-23,Thu,2025,1,January,Thursday,False,Summer,Train,13274
2025-01-24,Fri,2025,1,January,Friday,False,Summer,Bus,187009
2025-01-24,Fri,2025,1,January,Friday,False,Summer,Ferry,10744
2025-01-24,Fri,2025,1,January,Friday,False,Summer,Train,11853
2025-01-25,Sat,2025,1,January,Saturday,True,Summer,Bus,113587
2025-01-25,Sat,2025,1,January,Saturday,True,Summer,Ferry,6609
2025-01-25,Sat,2025,1,January,Saturday,True,Summer,Train,6261
2025-01-26,Sun,2025,1,January,Sunday,True,Summer,Bus,79030
2025-01-26,Sun,2025,1,January,Sunday,True,Summer,Ferry,3060
2025-01-26,Sun,2025,1,January,Sunday,True,Summer,Train,4641
2025-01-27,Mon,2025,1,January,Monday,False,Summer,Bus,95744
2025-01-27,Mon,2025,1,January,Monday,False,Summer,Ferry,6137
2025-01-27,Mon,2025,1,January,Monday,False,Summer,Train,5718
2025-01-28,Tue,2025,1,January,Tuesday,False,Summer,Bus,208583
2025-01-28,Tue,2025,1,January,Tuesday,False,Summer,Ferry,10319
2025-01-28,Tue,2025,1,January,Tuesday,False,Summer,Train,32667
2025-01-29,Wed,2025,1,January,Wednesday,False,Summer,Bus,218396
2025-01-29,Wed,2025,1,January,Wednesday,False,Summer,Ferry,11113
2025-01-29,Wed,2025,1,January,Wednesday,False,Summer,Train,36375
2025-01-30,Thu,2025,1,January,Thursday,False,Summer,Bus,230194
2025-01-30,Thu,2025,1,January,Thursday,False,Summer,Ferry,11158
2025-01-30,Thu,2025,1,January,Thursday,False,Summer,Train,37450
2025-01-31,Fri,2025,1,January,Friday,False,Summer,Bus,220654
2025-01-31,Fri,2025,1,January,Friday,False,Summer,Ferry,11261
2025-01-31,Fri,2025,1,January,Friday,False,Summer,Train,34788
2025-02-01,Sat,2025,2,February,Saturday,True,Summer,Bus,119248
2025-02-01,Sat,2025,2,February,Saturday,True,Summer,Ferry,7770
2025-02-01,Sat,2025,2,February,Saturday,True,Summer,Train,17206
2025-02-02,Sun,2025,2,February,Sunday,True,Summer,Bus,99938
2025-02-02,Sun,2025,2,February,Sunday,True,Summer,Ferry,6169
2025-02-02,Sun,2025,2,February,Sunday,True,Summer,Train,11754
2025-02-03,Mon,2025,2,February,Monday,False,Summer,Bus,233385
2025-02-03,Mon,2025,2,February,Monday,False,Summer,Ferry,9703
2025-02-03,Mon,2025,2,February,Monday,False,Summer,Train,44512
2025-02-04,Tue,2025,2,February,Tuesday,False,Summer,Bus,256440
2025-02-04,Tue,2025,2,February,Tuesday,False,Summer,Ferry,11515
2025-02-04,Tue,2025,2,February,Tuesday,False,Summer,Train,51447
2025-02-05,Wed,2025,2,February,Wednesday,False,Summer,Bus,262921
2025-02-05,Wed,2025,2,February,Wednesday,False,Summer,Ferry,11432
2025-02-05,Wed,2025,2,February,Wednesday,False,Summer,Train,53668
2025-02-06,Thu,2025,2,February,Thursday,False,Summer,Bus,109722
2025-02-06,Thu,2025,2,February,Thursday,False,Summer,Ferry,7281
2025-02-06,Thu,2025,2,February,Thursday,False,Summer,Train,18043
2025-02-07,Fri,2025,2,February,Friday,False,Summer,Bus,201442
2025-02-07,Fri,2025,2,February,Friday,False,Summer,Ferry,9246
2025-02-07,Fri,2025,2,February,Friday,False,Summer,Train,39200
2025-02-08,Sat,2025,2,February,Saturday,True,Summer,Bus,121589
2025-02-08,Sat,2025,2,February,Saturday,True,Summer,Ferry,7779
2025-02-08,Sat,2025,2,February,Saturday,True,Summer,Train,16950
2025-02-09,Sun,2025,2,February,Sunday,True,Summer,Bus,100060
2025-02-09,Sun,2025,2,February,Sunday,True,Summer,Ferry,6354
2025-02-09,Sun,2025,2,February,Sunday,True,Summer,Train,14168
2025-02-10,Mon,2025,2,February,Monday,False,Summer,Bus,241772
2025-02-10,Mon,2025,2,February,Monday,False,Summer,Ferry,9511
2025-02-10,Mon,2025,2,February,Monday,False,Summer,Train,48751
2025-02-11,Tue,2025,2,February,Tuesday,False,Summer,Bus,261464
2025-02-11,Tue,2025,2,February,Tuesday,False,Summer,Ferry,10496
2025-02-11,Tue,2025,2,February,Tuesday,False,Summer,Train,54718
2025-02-12,Wed,2025,2,February,Wednesday,False,Summer,Bus,265511
2025-02-12,Wed,2025,2,February,Wednesday,False,Summer,Ferry,11221
2025-02-12,Wed,2025,2,February,Wednesday,False,Summer,Train,56794
2025-02-13,Thu,2025,2,February,Thursday,False,Summer,Bus,263601
2025-02-13,Thu,2025,2,February,Thursday,False,Summer,Ferry,11343
2025-02-13,Thu,2025,2,February,Thursday,False,Summer,Train,55336
2025-02-14,Fri,2025,2,February,Friday,False,Summer,Bus,247078
2025-02-14,Fri,2025,2,February,Friday,False,Summer,Ferry,11108
2025-02-14,Fri,2025,2,February,Friday,False,Summer,Train,51142
2025-02-15,Sat,2025,2,February,Saturday,True,Summer,Bus,129099
2025-02-15,Sat,2025,2,February,Saturday,True,Summer,Ferry,7130
2025-02-15,Sat,2025,2,February,Saturday,True,Summer,Train,28628
2025-02-16,Sun,2025,2,February,Sunday,True,Summer,Bus,99003
2025-02-16,Sun,2025,2,February,Sunday,True,Summer,Ferry,4560
2025-02-16,Sun,2025,2,February,Sunday,True,Summer,Train,15719
2025-02-17,Mon,2025,2,February,Monday,False,Summer,Bus,233222
2025-02-17,Mon,2025,2,February,Monday,False,Summer,Ferry,8487
2025-02-17,Mon,2025,2,February,Monday,False,Summer,Train,49135
2025-02-18,Tue,2025,2,February,Tuesday,False,Summer,Bus,262237
2025-02-18,Tue,2025,2,February,Tuesday,False,Summer,Ferry,10347
2025-02-18,Tue,2025,2,February,Tuesday,False,Summer,Train,55757
2025-02-19,Wed,2025,2,February,Wednesday,False,Summer,Bus,262429
2025-02-19,Wed,2025,2,February,Wednesday,False,Summer,Ferry,10319
2025-02-19,Wed,2025,2,February,Wednesday,False,Summer,Train,56668
2025-02-20,Thu,2025,2,February,Thursday,False,Summer,Bus,262361
2025-02-20,Thu,2025,2,February,Thursday,False,Summer,Ferry,10809
2025-02-20,Thu,2025,2,February,Thursday,False,Summer,Train,56375
2025-02-21,Fri,2025,2,February,Friday,False,Summer,Bus,242896
2025-02-21,Fri,2025,2,February,Friday,False,Summer,Ferry,9517
2025-02-21,Fri,2025,2,February,Friday,False,Summer,Train,50041
2025-02-22,Sat,2025,2,February,Saturday,True,Summer,Bus,134749
2025-02-22,Sat,2025,2,February,Saturday,True,Summer,Ferry,7839
2025-02-22,Sat,2025,2,February,Saturday,True,Summer,Train,20616
2025-02-23,Sun,2025,2,February,Sunday,True,Summer,Bus,111833
2025-02-23,Sun,2025,2,February,Sunday,True,Summer,Ferry,6058
2025-02-23,Sun,2025,2,February,Sunday,True,Summer,Train,14071
2025-02-24,Mon,2025,2,February,Monday,False,Summer,Bus,252051
2025-02-24,Mon,2025,2,February,Monday,False,Summer,Ferry,10082
2025-02-24,Mon,2025,2,February,Monday,False,Summer,Train,53529
2025-02-25,Tue,2025,2,February,Tuesday,False,Summer,Bus,274156
2025-02-25,Tue,2025,2,February,Tuesday,False,Summer,Ferry,11290
2025-02-25,Tue,2025,2,February,Tuesday,False,Summer,Train,58271
2025-02-26,Wed,2025,2,February,Wednesday,False,Summer,Bus,274790
2025-02-26,Wed,2025,2,February,Wednesday,False,Summer,Ferry,11310
2025-02-26,Wed,2025,2,February,Wednesday,False,Summer,Train,59408
2025-02-27,Thu,2025,2,February,Thursday,False,Summer,Bus,269845
2025-02-27,Thu,2025,2,February,Thursday,False,Summer,Ferry,10548
2025-02-27,Thu,2025,2,February,Thursday,False,Summer,Train,57777
2025-02-28,Fri,2025,2,February,Friday,False,Summer,Bus,254481
2025-02-28,Fri,2025,2,February,Friday,False,Summer,Ferry,11055
2025-02-28,Fri,2025,2,February,Friday,False,Summer,Train,52603
2025-03-01,Sat,2025,3,March,Saturday,True,Autumn,Bus,131502
2025-03-01,Sat,2025,3,March,Saturday,True,Autumn,Ferry,8257
2025-03-01,Sat,2025,3,March,Saturday,True,Autumn,Train,26177
2025-03-02,Sun,2025,3,March,Sunday,True,Autumn,Bus,111020
2025-03-02,Sun,2025,3,March,Sunday,True,Autumn,Ferry,6647
2025-03-02,Sun,2025,3,March,Sunday,True,Autumn,Train,17273
2025-03-03,Mon,2025,3,March,Monday,False,Autumn,Bus,282174
2025-03-03,Mon,2025,3,March,Monday,False,Autumn,Ferry,10860
2025-03-03,Mon,2025,3,March,Monday,False,Autumn,Train,61283
2025-03-04,Tue,2025,3,March,Tuesday,False,Autumn,Bus,295011
2025-03-04,Tue,2025,3,March,Tuesday,False,Autumn,Ferry,10729
2025-03-04,Tue,2025,3,March,Tuesday,False,Autumn,Train,65513
2025-03-05,Wed,2025,3,March,Wednesday,False,Autumn,Bus,299198
2025-03-05,Wed,2025,3,March,Wednesday,False,Autumn,Ferry,11138
2025-03-05,Wed,2025,3,March,Wednesday,False,Autumn,Train,67816
2025-03-06,Thu,2025,3,March,Thursday,False,Autumn,Bus,294758
2025-03-06,Thu,2025,3,March,Thursday,False,Autumn,Ferry,11889
2025-03-06,Thu,2025,3,March,Thursday,False,Autumn,Train,65858
2025-03-07,Fri,2025,3,March,Friday,False,Autumn,Bus,271389
2025-03-07,Fri,2025,3,March,Friday,False,Autumn,Ferry,11851
2025-03-07,Fri,2025,3,March,Friday,False,Autumn,Train,59047
2025-03-08,Sat,2025,3,March,Saturday,True,Autumn,Bus,134177
2025-03-08,Sat,2025,3,March,Saturday,True,Autumn,Ferry,7875
2025-03-08,Sat,2025,3,March,Saturday,True,Autumn,Train,24079
2025-03-09,Sun,2025,3,March,Sunday,True,Autumn,Bus,109234
2025-03-09,Sun,2025,3,March,Sunday,True,Autumn,Ferry,6262
2025-03-09,Sun,2025,3,March,Sunday,True,Autumn,Train,17069
2025-03-10,Mon,2025,3,March,Monday,False,Autumn,Bus,276949
2025-03-10,Mon,2025,3,March,Monday,False,Autumn,Ferry,10474
2025-03-10,Mon,2025,3,March,Monday,False,Autumn,Train,60383
2025-03-11,Tue,2025,3,March,Tuesday,False,Autumn,Bus,300081
2025-03-11,Tue,2025,3,March,Tuesday,False,Autumn,Ferry,11296
2025-03-11,Tue,2025,3,March,Tuesday,False,Autumn,Train,66155
2025-03-12,Wed,2025,3,March,Wednesday,False,Autumn,Bus,292419
2025-03-12,Wed,2025,3,March,Wednesday,False,Autumn,Ferry,10052
2025-03-12,Wed,2025,3,March,Wednesday,False,Autumn,Train,66208
2025-03-13,Thu,2025,3,March,Thursday,False,Autumn,Bus,294647
2025-03-13,Thu,2025,3,March,Thursday,False,Autumn,Ferry,10682
2025-03-13,Thu,2025,3,March,Thursday,False,Autumn,Train,65817
2025-03-14,Fri,2025,3,March,Friday,False,Autumn,Bus,271574
2025-03-14,Fri,2025,3,March,Friday,False,Autumn,Ferry,11074
2025-03-14,Fri,2025,3,March,Friday,False,Autumn,Train,59207
2025-03-15,Sat,2025,3,March,Saturday,True,Autumn,Bus,138131
2025-03-15,Sat,2025,3,March,Saturday,True,Autumn,Ferry,8008
2025-03-15,Sat,2025,3,March,Saturday,True,Autumn,Train,8801
2025-03-16,Sun,2025,3,March,Sunday,True,Autumn,Bus,111805
2025-03-16,Sun,2025,3,March,Sunday,True,Autumn,Ferry,6404
2025-03-16,Sun,2025,3,March,Sunday,True,Autumn,Train,6777
2025-03-17,Mon,2025,3,March,Monday,False,Autumn,Bus,268015
2025-03-17,Mon,2025,3,March,Monday,False,Autumn,Ferry,9637
2025-03-17,Mon,2025,3,March,Monday,False,Autumn,Train,58535
2025-03-18,Tue,2025,3,March,Tuesday,False,Autumn,Bus,284507
2025-03-18,Tue,2025,3,March,Tuesday,False,Autumn,Ferry,10042
2025-03-18,Tue,2025,3,March,Tuesday,False,Autumn,Train,64233
2025-03-19,Wed,2025,3,March,Wednesday,False,Autumn,Bus,288320
2025-03-19,Wed,2025,3,March,Wednesday,False,Autumn,Ferry,9914
2025-03-19,Wed,2025,3,March,Wednesday,False,Autumn,Train,65680
2025-03-20,Thu,2025,3,March,Thursday,False,Autumn,Bus,291403
2025-03-20,Thu,2025,3,March,Thursday,False,Autumn,Ferry,11442
2025-03-20,Thu,2025,3,March,Thursday,False,Autumn,Train,65017
2025-03-21,Fri,2025,3,March,Friday,False,Autumn,Bus,270529
2025-03-21,Fri,2025,3,March,Friday,False,Autumn,Ferry,11034
2025-03-21,Fri,2025,3,March,Friday,False,Autumn,Train,59496
2025-03-22,Sat,2025,3,March,Saturday,True,Autumn,Bus,132685
2025-03-22,Sat,2025,3,March,Saturday,True,Autumn,Ferry,7805
2025-03-22,Sat,2025,3,March,Saturday,True,Autumn,Train,25502
2025-03-23,Sun,2025,3,March,Sunday,True,Autumn,Bus,104474
2025-03-23,Sun,2025,3,March,Sunday,True,Autumn,Ferry,6096
2025-03-23,Sun,2025,3,March,Sunday,True,Autumn,Train,16335
2025-03-24,Mon,2025,3,March,Monday,False,Autumn,Bus,269431
2025-03-24,Mon,2025,3,March,Monday,False,Autumn,Ferry,10718
2025-03-24,Mon,2025,3,March,Monday,False,Autumn,Train,61080
2025-03-25,Tue,2025,3,March,Tuesday,False,Autumn,Bus,289303
2025-03-25,Tue,2025,3,March,Tuesday,False,Autumn,Ferry,10956
2025-03-25,Tue,2025,3,March,Tuesday,False,Autumn,Train,64765
2025-03-26,Wed,2025,3,March,Wednesday,False,Autumn,Bus,290909
2025-03-26,Wed,2025,3,March,Wednesday,False,Autumn,Ferry,11028
2025-03-26,Wed,2025,3,March,Wednesday,False,Autumn,Train,65463
2025-03-27,Thu,2025,3,March,Thursday,False,Autumn,Bus,288782
2025-03-27,Thu,2025,3,March,Thursday,False,Autumn,Ferry,11161
2025-03-27,Thu,2025,3,March,Thursday,False,Autumn,Train,63393
2025-03-28,Fri,2025,3,March,Friday,False,Autumn,Bus,262628
2025-03-28,Fri,2025,3,March,Friday,False,Autumn,Ferry,9638
2025-03-28,Fri,2025,3,March,Friday,False,Autumn,Train,55914
2025-03-29,Sat,2025,3,March,Saturday,True,Autumn,Bus,127139
2025-03-29,Sat,2025,3,March,Saturday,True,Autumn,Ferry,7159
2025-03-29,Sat,2025,3,March,Saturday,True,Autumn,Train,22808
2025-03-30,Sun,2025,3,March,Sunday,True,Autumn,Bus,100433
2025-03-30,Sun,2025,3,March,Sunday,True,Autumn,Ferry,6228
2025-03-30,Sun,2025,3,March,Sunday,True,Autumn,Train,15425
2025-03-31,Mon,2025,3,March,Monday,False,Autumn,Bus,260737
2025-03-31,Mon,2025,3,March,Monday,False,Autumn,Ferry,9438
2025-03-31,Mon,2025,3,March,Monday,False,Autumn,Train,57996
2025-04-01,Tue,2025,4,April,Tuesday,False,Autumn,Bus,281759
2025-04-01,Tue,2025,4,April,Tuesday,False,Autumn,Ferry,10523
2025-04-01,Tue,2025,4,April,Tuesday,False,Autumn,Train,62545
2025-04-02,Wed,2025,4,April,Wednesday,False,Autumn,Bus,274771
2025-04-02,Wed,2025,4,April,Wednesday,False,Autumn,Ferry,9374
2025-04-02,Wed,2025,4,April,Wednesday,False,Autumn,Train,63252
2025-04-03,Thu,2025,4,April,Thursday,False,Autumn,Bus,253903
2025-04-03,Thu,2025,4,April,Thursday,False,Autumn,Ferry,7488
2025-04-03,Thu,2025,4,April,Thursday,False,Autumn,Train,58114
2025-04-04,Fri,2025,4,April,Friday,False,Autumn,Bus,195020
2025-04-04,Fri,2025,4,April,Friday,False,Autumn,Ferry,4433
2025-04-04,Fri,2025,4,April,Friday,False,Autumn,Train,41735
2025-04-05,Sat,2025,4,April,Saturday,True,Autumn,Bus,130064
2025-04-05,Sat,2025,4,April,Saturday,True,Autumn,Ferry,6681
2025-04-05,Sat,2025,4,April,Saturday,True,Autumn,Train,26654
2025-04-06,Sun,2025,4,April,Sunday,True,Autumn,Bus,101368
2025-04-06,Sun,2025,4,April,Sunday,True,Autumn,Ferry,5095
2025-04-06,Sun,2025,4,April,Sunday,True,Autumn,Train,14643
2025-04-07,Mon,2025,4,April,Monday,False,Autumn,Bus,265827
2025-04-07,Mon,2025,4,April,Monday,False,Autumn,Ferry,9314
2025-04-07,Mon,2025,4,April,Monday,False,Autumn,Train,57913
2025-04-08,Tue,2025,4,April,Tuesday,False,Autumn,Bus,268939
2025-04-08,Tue,2025,4,April,Tuesday,False,Autumn,Ferry,9351
2025-04-08,Tue,2025,4,April,Tuesday,False,Autumn,Train,60731
2025-04-09,Wed,2025,4,April,Wednesday,False,Autumn,Bus,282956
2025-04-09,Wed,2025,4,April,Wednesday,False,Autumn,Ferry,10156
2025-04-09,Wed,2025,4,April,Wednesday,False,Autumn,Train,63301
2025-04-10,Thu,2025,4,April,Thursday,False,Autumn,Bus,279764
2025-04-10,Thu,2025,4,April,Thursday,False,Autumn,Ferry,10567
2025-04-10,Thu,2025,4,April,Thursday,False,Autumn,Train,62879
2025-04-11,Fri,2025,4,April,Friday,False,Autumn,Bus,251224
2025-04-11,Fri,2025,4,April,Friday,False,Autumn,Ferry,8836
2025-04-11,Fri,2025,4,April,Friday,False,Autumn,Train,52819
2025-04-12,Sat,2025,4,April,Saturday,True,Autumn,Bus,130978
2025-04-12,Sat,2025,4,April,Saturday,True,Autumn,Ferry,6671
2025-04-12,Sat,2025,4,April,Saturday,True,Autumn,Train,7461
2025-04-13,Sun,2025,4,April,Sunday,True,Autumn,Bus,104905
2025-04-13,Sun,2025,4,April,Sunday,True,Autumn,Ferry,5665
2025-04-13,Sun,2025,4,April,Sunday,True,Autumn,Train,5301
2025-04-14,Mon,2025,4,April,Monday,False,Autumn,Bus,196560
2025-04-14,Mon,2025,4,April,Monday,False,Autumn,Ferry,10434
2025-04-14,Mon,2025,4,April,Monday,False,Autumn,Train,12764
2025-04-15,Tue,2025,4,April,Tuesday,False,Autumn,Bus,213368
2025-04-15,Tue,2025,4,April,Tuesday,False,Autumn,Ferry,10596
2025-04-15,Tue,2025,4,April,Tuesday,False,Autumn,Train,13333
2025-04-16,Wed,2025,4,April,Wednesday,False,Autumn,Bus,174055
2025-04-16,Wed,2025,4,April,Wednesday,False,Autumn,Ferry,5371
2025-04-16,Wed,2025,4,April,Wednesday,False,Autumn,Train,12054
2025-04-17,Thu,2025,4,April,Thursday,False,Autumn,Bus,125880
2025-04-17,Thu,2025,4,April,Thursday,False,Autumn,Ferry,384
2025-04-17,Thu,2025,4,April,Thursday,False,Autumn,Train,9705
2025-04-18,Fri,2025,4,April,Friday,False,Autumn,Bus,60751
2025-04-18,Fri,2025,4,April,Friday,False,Autumn,Ferry,2726
2025-04-18,Fri,2025,4,April,Friday,False,Autumn,Train,3298
2025-04-19,Sat,2025,4,April,Saturday,True,Autumn,Bus,98041
2025-04-19,Sat,2025,4,April,Saturday,True,Autumn,Ferry,3364
2025-04-19,Sat,2025,4,April,Saturday,True,Autumn,Train,5678
2025-04-20,Sun,2025,4,April,Sunday,True,Autumn,Bus,66621
2025-04-20,Sun,2025,4,April,Sunday,True,Autumn,Ferry,2980
2025-04-20,Sun,2025,4,April,Sunday,True,Autumn,Train,3319
2025-04-21,Mon,2025,4,April,Monday,False,Autumn,Bus,86580
2025-04-21,Mon,2025,4,April,Monday,False,Autumn,Ferry,3874
2025-04-21,Mon,2025,4,April,Monday,False,Autumn,Train,4675
2025-04-22,Tue,2025,4,April,Tuesday,False,Autumn,Bus,179008
2025-04-22,Tue,2025,4,April,Tuesday,False,Autumn,Ferry,8035
2025-04-22,Tue,2025,4,April,Tuesday,False,Autumn,Train,11723
2025-04-23,Wed,2025,4,April,Wednesday,False,Autumn,Bus,192240
2025-04-23,Wed,2025,4,April,Wednesday,False,Autumn,Ferry,9456
2025-04-23,Wed,2025,4,April,Wednesday,False,Autumn,Train,12342
2025-04-24,Thu,2025,4,April,Thursday,False,Autumn,Bus,187180
2025-04-24,Thu,2025,4,April,Thursday,False,Autumn,Ferry,8998
2025-04-24,Thu,2025,4,April,Thursday,False,Autumn,Train,11313
2025-04-25,Fri,2025,4,April,Friday,False,Autumn,Bus,92786
2025-04-25,Fri,2025,4,April,Friday,False,Autumn,Ferry,4912
2025-04-25,Fri,2025,4,April,Friday,False,Autumn,Train,4955
2025-04-26,Sat,2025,4,April,Saturday,True,Autumn,Bus,110321
2025-04-26,Sat,2025,4,April,Saturday,True,Autumn,Ferry,4976
2025-04-26,Sat,2025,4,April,Saturday,True,Autumn,Train,5873
2025-04-27,Sun,2025,4,April,Sunday,True,Autumn,Bus,69523
2025-04-27,Sun,2025,4,April,Sunday,True,Autumn,Ferry,2086
2025-04-27,Sun,2025,4,April,Sunday,True,Autumn,Train,3911
2025-04-28,Mon,2025,4,April,Monday,False,Autumn,Bus,255306
2025-04-28,Mon,2025,4,April,Monday,False,Autumn,Ferry,8311
2025-04-28,Mon,2025,4,April,Monday,False,Autumn,Train,51994
2025-04-29,Tue,2025,4,April,Tuesday,False,Autumn,Bus,271087
2025-04-29,Tue,2025,4,April,Tuesday,False,Autumn,Ferry,9083
2025-04-29,Tue,2025,4,April,Tuesday,False,Autumn,Train,58250
2025-04-30,Wed,2025,4,April,Wednesday,False,Autumn,Bus,268790
2025-04-30,Wed,2025,4,April,Wednesday,False,Autumn,Ferry,7794
2025-04-30,Wed,2025,4,April,Wednesday,False,Autumn,Train,58539
2025-05-01,Thu,2025,5,May,Thursday,False,Autumn,Bus,261330
2025-05-01,Thu,2025,5,May,Thursday,False,Autumn,Ferry,8246
2025-05-01,Thu,2025,5,May,Thursday,False,Autumn,Train,55337
2025-05-02,Fri,2025,5,May,Friday,False,Autumn,Bus,244643
2025-05-02,Fri,2025,5,May,Friday,False,Autumn,Ferry,8140
2025-05-02,Fri,2025,5,May,Friday,False,Autumn,Train,50987
2025-05-03,Sat,2025,5,May,Saturday,True,Autumn,Bus,122835
2025-05-03,Sat,2025,5,May,Saturday,True,Autumn,Ferry,6698
2025-05-03,Sat,2025,5,May,Saturday,True,Autumn,Train,19850
2025-05-04,Sun,2025,5,May,Sunday,True,Autumn,Bus,98464
2025-05-04,Sun,2025,5,May,Sunday,True,Autumn,Ferry,5509
2025-05-04,Sun,2025,5,May,Sunday,True,Autumn,Train,14699
2025-05-05,Mon,2025,5,May,Monday,False,Autumn,Bus,257610
2025-05-05,Mon,2025,5,May,Monday,False,Autumn,Ferry,9982
2025-05-05,Mon,2025,5,May,Monday,False,Autumn,Train,54115
2025-05-06,Tue,2025,5,May,Tuesday,False,Autumn,Bus,275837
2025-05-06,Tue,2025,5,May,Tuesday,False,Autumn,Ferry,10446
2025-05-06,Tue,2025,5,May,Tuesday,False,Autumn,Train,61235
2025-05-07,Wed,2025,5,May,Wednesday,False,Autumn,Bus,279927
2025-05-07,Wed,2025,5,May,Wednesday,False,Autumn,Ferry,10112
2025-05-07,Wed,2025,5,May,Wednesday,False,Autumn,Train,61101
2025-05-08,Thu,2025,5,May,Thursday,False,Autumn,Bus,269652
2025-05-08,Thu,2025,5,May,Thursday,False,Autumn,Ferry,8832
2025-05-08,Thu,2025,5,May,Thursday,False,Autumn,Train,58400
2025-05-09,Fri,2025,5,May,Friday,False,Autumn,Bus,217135
2025-05-09,Fri,2025,5,May,Friday,False,Autumn,Ferry,6253
2025-05-09,Fri,2025,5,May,Friday,False,Autumn,Train,46278
2025-05-10,Sat,2025,5,May,Saturday,True,Autumn,Bus,123527
2025-05-10,Sat,2025,5,May,Saturday,True,Autumn,Ferry,5989
2025-05-10,Sat,2025,5,May,Saturday,True,Autumn,Train,20290
2025-05-11,Sun,2025,5,May,Sunday,True,Autumn,Bus,92088
2025-05-11,Sun,2025,5,May,Sunday,True,Autumn,Ferry,5660
2025-05-11,Sun,2025,5,May,Sunday,True,Autumn,Train,13989
2025-05-12,Mon,2025,5,May,Monday,False,Autumn,Bus,255139
2025-05-12,Mon,2025,5,May,Monday,False,Autumn,Ferry,8927
2025-05-12,Mon,2025,5,May,Monday,False,Autumn,Train,54384
2025-05-13,Tue,2025,5,May,Tuesday,False,Autumn,Bus,272022
2025-05-13,Tue,2025,5,May,Tuesday,False,Autumn,Ferry,9539
2025-05-13,Tue,2025,5,May,Tuesday,False,Autumn,Train,59092
2025-05-14,Wed,2025,5,May,Wednesday,False,Autumn,Bus,276114
2025-05-14,Wed,2025,5,May,Wednesday,False,Autumn,Ferry,9727
2025-05-14,Wed,2025,5,May,Wednesday,False,Autumn,Train,60532
2025-05-15,Thu,2025,5,May,Thursday,False,Autumn,Bus,273420
2025-05-15,Thu,2025,5,May,Thursday,False,Autumn,Ferry,10068
2025-05-15,Thu,2025,5,May,Thursday,False,Autumn,Train,59076
2025-05-16,Fri,2025,5,May,Friday,False,Autumn,Bus,251180
2025-05-16,Fri,2025,5,May,Friday,False,Autumn,Ferry,9687
2025-05-16,Fri,2025,5,May,Friday,False,Autumn,Train,53658
2025-05-17,Sat,2025,5,May,Saturday,True,Autumn,Bus,124840
2025-05-17,Sat,2025,5,May,Saturday,True,Autumn,Ferry,7248
2025-05-17,Sat,2025,5,May,Saturday,True,Autumn,Train,21702
2025-05-18,Sun,2025,5,May,Sunday,True,Autumn,Bus,86443
2025-05-18,Sun,2025,5,May,Sunday,True,Autumn,Ferry,3154
2025-05-18,Sun,2025,5,May,Sunday,True,Autumn,Train,12701
2025-05-19,Mon,2025,5,May,Monday,False,Autumn,Bus,249774
2025-05-19,Mon,2025,5,May,Monday,False,Autumn,Ferry,8436
2025-05-19,Mon,2025,5,May,Monday,False,Autumn,Train,54119
2025-05-20,Tue,2025,5,May,Tuesday,False,Autumn,Bus,272500
2025-05-20,Tue,2025,5,May,Tuesday,False,Autumn,Ferry,9709
2025-05-20,Tue,2025,5,May,Tuesday,False,Autumn,Train,59488
2025-05-21,Wed,2025,5,May,Wednesday,False,Autumn,Bus,274138
2025-05-21,Wed,2025,5,May,Wednesday,False,Autumn,Ferry,9711
2025-05-21,Wed,2025,5,May,Wednesday,False,Autumn,Train,60692
2025-05-22,Thu,2025,5,May,Thursday,False,Autumn,Bus,271126
2025-05-22,Thu,2025,5,May,Thursday,False,Autumn,Ferry,9732
2025-05-22,Thu,2025,5,May,Thursday,False,Autumn,Train,59943
2025-05-23,Fri,2025,5,May,Friday,False,Autumn,Bus,246444
2025-05-23,Fri,2025,5,May,Friday,False,Autumn,Ferry,8604
2025-05-23,Fri,2025,5,May,Friday,False,Autumn,Train,52720
2025-05-24,Sat,2025,5,May,Saturday,True,Autumn,Bus,123344
2025-05-24,Sat,2025,5,May,Saturday,True,Autumn,Ferry,6402
2025-05-24,Sat,2025,5,May,Saturday,True,Autumn,Train,22512
2025-05-25,Sun,2025,5,May,Sunday,True,Autumn,Bus,94582
2025-05-25,Sun,2025,5,May,Sunday,True,Autumn,Ferry,3890
2025-05-25,Sun,2025,5,May,Sunday,True,Autumn,Train,15586
2025-05-26,Mon,2025,5,May,Monday,False,Autumn,Bus,243534
2025-05-26,Mon,2025,5,May,Monday,False,Autumn,Ferry,7954
2025-05-26,Mon,2025,5,May,Monday,False,Autumn,Train,52715
2025-05-27,Tue,2025,5,May,Tuesday,False,Autumn,Bus,261409
2025-05-27,Tue,2025,5,May,Tuesday,False,Autumn,Ferry,8807
2025-05-27,Tue,2025,5,May,Tuesday,False,Autumn,Train,57208
2025-05-28,Wed,2025,5,May,Wednesday,False,Autumn,Bus,259136
2025-05-28,Wed,2025,5,May,Wednesday,False,Autumn,Ferry,8087
2025-05-28,Wed,2025,5,May,Wednesday,False,Autumn,Train,58120
2025-05-29,Thu,2025,5,May,Thursday,False,Autumn,Bus,260496
2025-05-29,Thu,2025,5,May,Thursday,False,Autumn,Ferry,8040
2025-05-29,Thu,2025,5,May,Thursday,False,Autumn,Train,57596
2025-05-30,Fri,2025,5,May,Friday,False,Autumn,Bus,232935
2025-05-30,Fri,2025,5,May,Friday,False,Autumn,Ferry,7592
2025-05-30,Fri,2025,5,May,Friday,False,Autumn,Train,12756
2025-05-31,Sat,2025,5,May,Saturday,True,Autumn,Bus,121915
2025-05-31,Sat,2025,5,May,Saturday,True,Autumn,Ferry,5202
2025-05-31,Sat,2025,5,May,Saturday,True,Autumn,Train,6830
2025-06-01,Sun,2025,6,June,Sunday,True,Winter,Bus,102691
2025-06-01,Sun,2025,6,June,Sunday,True,Winter,Ferry,4921
2025-06-01,Sun,2025,6,June,Sunday,True,Winter,Train,5027
2025-06-02,Mon,2025,6,June,Monday,False,Winter,Bus,89810
2025-06-02,Mon,2025,6,June,Monday,False,Winter,Ferry,4698
2025-06-02,Mon,2025,6,June,Monday,False,Winter,Train,4932
2025-06-03,Tue,2025,6,June,Tuesday,False,Winter,Bus,256660
2025-06-03,Tue,2025,6,June,Tuesday,False,Winter,Ferry,8768
2025-06-03,Tue,2025,6,June,Tuesday,False,Winter,Train,54991
2025-06-04,Wed,2025,6,June,Wednesday,False,Winter,Bus,236733
2025-06-04,Wed,2025,6,June,Wednesday,False,Winter,Ferry,6313
2025-06-04,Wed,2025,6,June,Wednesday,False,Winter,Train,52857
2025-06-05,Thu,2025,6,June,Thursday,False,Winter,Bus,259156
2025-06-05,Thu,2025,6,June,Thursday,False,Winter,Ferry,8407
2025-06-05,Thu,2025,6,June,Thursday,False,Winter,Train,56197
2025-06-06,Fri,2025,6,June,Friday,False,Winter,Bus,236634
2025-06-06,Fri,2025,6,June,Friday,False,Winter,Ferry,7190
2025-06-06,Fri,2025,6,June,Friday,False,Winter,Train,49096
2025-06-07,Sat,2025,6,June,Saturday,True,Winter,Bus,113659
2025-06-07,Sat,2025,6,June,Saturday,True,Winter,Ferry,4701
2025-06-07,Sat,2025,6,June,Saturday,True,Winter,Train,19622
2025-06-08,Sun,2025,6,June,Sunday,True,Winter,Bus,92186
2025-06-08,Sun,2025,6,June,Sunday,True,Winter,Ferry,4326
2025-06-08,Sun,2025,6,June,Sunday,True,Winter,Train,12603
2025-06-09,Mon,2025,6,June,Monday,False,Winter,Bus,214471
2025-06-09,Mon,2025,6,June,Monday,False,Winter,Ferry,7008
2025-06-09,Mon,2025,6,June,Monday,False,Winter,Train,46657
2025-06-10,Tue,2025,6,June,Tuesday,False,Winter,Bus,233825
2025-06-10,Tue,2025,6,June,Tuesday,False,Winter,Ferry,7160
2025-06-10,Tue,2025,6,June,Tuesday,False,Winter,Train,51910
2025-06-11,Wed,2025,6,June,Wednesday,False,Winter,Bus,250164
2025-06-11,Wed,2025,6,June,Wednesday,False,Winter,Ferry,8613
2025-06-11,Wed,2025,6,June,Wednesday,False,Winter,Train,48584
2025-06-12,Thu,2025,6,June,Thursday,False,Winter,Bus,238218
2025-06-12,Thu,2025,6,June,Thursday,False,Winter,Ferry,7865
2025-06-12,Thu,2025,6,June,Thursday,False,Winter,Train,51090
2025-06-13,Fri,2025,6,June,Friday,False,Winter,Bus,229449
2025-06-13,Fri,2025,6,June,Friday,False,Winter,Ferry,7533
2025-06-13,Fri,2025,6,June,Friday,False,Winter,Train,49064
2025-06-14,Sat,2025,6,June,Saturday,True,Winter,Bus,113741
2025-06-14,Sat,2025,6,June,Saturday,True,Winter,Ferry,4799
2025-06-14,Sat,2025,6,June,Saturday,True,Winter,Train,19127
2025-06-15,Sun,2025,6,June,Sunday,True,Winter,Bus,78993
2025-06-15,Sun,2025,6,June,Sunday,True,Winter,Ferry,2692
2025-06-15,Sun,2025,6,June,Sunday,True,Winter,Train,12252
2025-06-16,Mon,2025,6,June,Monday,False,Winter,Bus,233561
2025-06-16,Mon,2025,6,June,Monday,False,Winter,Ferry,8183
2025-06-16,Mon,2025,6,June,Monday,False,Winter,Train,49761
2025-06-17,Tue,2025,6,June,Tuesday,False,Winter,Bus,249211
2025-06-17,Tue,2025,6,June,Tuesday,False,Winter,Ferry,9144
2025-06-17,Tue,2025,6,June,Tuesday,False,Winter,Train,55477
2025-06-18,Wed,2025,6,June,Wednesday,False,Winter,Bus,250290
2025-06-18,Wed,2025,6,June,Wednesday,False,Winter,Ferry,8784
2025-06-18,Wed,2025,6,June,Wednesday,False,Winter,Train,55544
2025-06-19,Thu,2025,6,June,Thursday,False,Winter,Bus,238134
2025-06-19,Thu,2025,6,June,Thursday,False,Winter,Ferry,8125
2025-06-19,Thu,2025,6,June,Thursday,False,Winter,Train,52765
2025-06-20,Fri,2025,6,June,Friday,False,Winter,Bus,102151
2025-06-20,Fri,2025,6,June,Friday,False,Winter,Ferry,4583
2025-06-20,Fri,2025,6,June,Friday,False,Winter,Train,5817
2025-06-21,Sat,2025,6,June,Saturday,True,Winter,Bus,118016
2025-06-21,Sat,2025,6,June,Saturday,True,Winter,Ferry,5677
2025-06-21,Sat,2025,6,June,Saturday,True,Winter,Train,6679
2025-06-22,Sun,2025,6,June,Sunday,True,Winter,Bus,93068
2025-06-22,Sun,2025,6,June,Sunday,True,Winter,Ferry,4617
2025-06-22,Sun,2025,6,June,Sunday,True,Winter,Train,4712
2025-06-23,Mon,2025,6,June,Monday,False,Winter,Bus,227321
2025-06-23,Mon,2025,6,June,Monday,False,Winter,Ferry,7249
2025-06-23,Mon,2025,6,June,Monday,False,Winter,Train,11943
2025-06-24,Tue,2025,6,June,Tuesday,False,Winter,Bus,241721
2025-06-24,Tue,2025,6,June,Tuesday,False,Winter,Ferry,8358
2025-06-24,Tue,2025,6,June,Tuesday,False,Winter,Train,49976
2025-06-25,Wed,2025,6,June,Wednesday,False,Winter,Bus,242743
2025-06-25,Wed,2025,6,June,Wednesday,False,Winter,Ferry,8483
2025-06-25,Wed,2025,6,June,Wednesday,False,Winter,Train,52684
2025-06-26,Thu,2025,6,June,Thursday,False,Winter,Bus,233775
2025-06-26,Thu,2025,6,June,Thursday,False,Winter,Ferry,7617
2025-06-26,Thu,2025,6,June,Thursday,False,Winter,Train,49265
2025-06-27,Fri,2025,6,June,Friday,False,Winter,Bus,169039
2025-06-27,Fri,2025,6,June,Friday,False,Winter,Ferry,4414
2025-06-27,Fri,2025,6,June,Friday,False,Winter,Train,34826
2025-06-28,Sat,2025,6,June,Saturday,True,Winter,Bus,98335
2025-06-28,Sat,2025,6,June,Saturday,True,Winter,Ferry,3617
2025-06-28,Sat,2025,6,June,Saturday,True,Winter,Train,14444
2025-06-29,Sun,2025,6,June,Sunday,True,Winter,Bus,88281
2025-06-29,Sun,2025,6,June,Sunday,True,Winter,Ferry,3739
2025-06-29,Sun,2025,6,June,Sunday,True,Winter,Train,11699
2025-06-30,Mon,2025,6,June,Monday,False,Winter,Bus,175611
2025-06-30,Mon,2025,6,June,Monday,False,Winter,Ferry,8405
2025-06-30,Mon,2025,6,June,Monday,False,Winter,Train,35481
